title,date,quantity
"Starving Hearts (Triangular Trade Trilogy, #1)",2026-01-01,5
Black Dust,2026-01-01,3
You can't bury them all: Poems,2026-01-02,3
The Black Maria,2026-01-03,1
"Foolproof Preserving: A Guide to Small Batch Jams, Jellies, Pickles, Condiments, and More: A Foolproof Guide to Making Small Batch Jams, Jellies, Pickles, Condiments, and More",2026-01-03,5
Libertarianism for Beginners,2026-01-04,1
"Starving Hearts (Triangular Trade Trilogy, #1)",2026-01-05,1
A Light in the Attic,2026-01-07,3
Soumission,2026-01-07,5
The Four Agreements: A Practical Guide to Personal Freedom,2026-01-08,1
You can't bury them all: Poems,2026-01-08,4
Tipping the Velvet,2026-01-09,1
The Dirty Little Secrets of Getting Your Dream Job,2026-01-09,3
Rip it Up and Start Again,2026-01-09,3
The Four Agreements: A Practical Guide to Personal Freedom,2026-01-10,1
America's Cradle of Quarterbacks: Western Pennsylvania's Football Factory from Johnny Unitas to Joe Montana,2026-01-11,3
Aladdin and His Wonderful Lamp,2026-01-11,3
Sharp Objects,2026-01-12,4
Sophie's World,2026-01-12,2
Maude (1883-1993):She Grew Up with the country,2026-01-13,5
Olio,2026-01-14,1
The Dirty Little Secrets of Getting Your Dream Job,2026-01-15,2
It's Only the Himalayas,2026-01-15,5
In Her Wake,2026-01-15,1
It's Only the Himalayas,2026-01-16,2
In Her Wake,2026-01-16,3
Behind Closed Doors,2026-01-16,2
The Dirty Little Secrets of Getting Your Dream Job,2026-01-17,2
Set Me Free,2026-01-17,3
"Foolproof Preserving: A Guide to Small Batch Jams, Jellies, Pickles, Condiments, and More: A Foolproof Guide to Making Small Batch Jams, Jellies, Pickles, Condiments, and More",2026-01-18,2
The Five Love Languages: How to Express Heartfelt Commitment to Your Mate,2026-01-18,3
Rip it Up and Start Again,2026-01-19,5
How Music Works,2026-01-19,1
"In a Dark, Dark Wood",2026-01-20,3
"Starving Hearts (Triangular Trade Trilogy, #1)",2026-01-21,1
Behind Closed Doors,2026-01-21,2
Tipping the Velvet,2026-01-24,2
Soumission,2026-01-24,4
The Boys in the Boat: Nine Americans and Their Epic Quest for Gold at the 1936 Berlin Olympics,2026-01-24,1
Black Dust,2026-01-24,4
Soumission,2026-01-25,3
Olio,2026-01-25,4
Libertarianism for Beginners,2026-01-26,1
"Foolproof Preserving: A Guide to Small Batch Jams, Jellies, Pickles, Condiments, and More: A Foolproof Guide to Making Small Batch Jams, Jellies, Pickles, Condiments, and More",2026-01-26,1
The Black Maria,2026-01-28,3
Mesaerion: The Best Science Fiction Stories 1800-1849,2026-01-28,2
Chase Me (Paris Nights #2),2026-01-28,5
Penny Maybe,2026-01-28,4
The Boys in the Boat: Nine Americans and Their Epic Quest for Gold at the 1936 Berlin Olympics,2026-01-29,2
The Black Maria,2026-01-29,3
Birdsong: A Story in Pictures,2026-01-29,1
"Our Band Could Be Your Life: Scenes from the American Indie Underground, 1981-1991",2026-02-03,5
"Foolproof Preserving: A Guide to Small Batch Jams, Jellies, Pickles, Condiments, and More: A Foolproof Guide to Making Small Batch Jams, Jellies, Pickles, Condiments, and More",2026-02-03,3
"Foolproof Preserving: A Guide to Small Batch Jams, Jellies, Pickles, Condiments, and More: A Foolproof Guide to Making Small Batch Jams, Jellies, Pickles, Condiments, and More",2026-02-04,3
A Light in the Attic,2026-02-05,1
Sophie's World,2026-02-07,1
Behind Closed Doors,2026-02-08,2
Soumission,2026-02-09,2
It's Only the Himalayas,2026-02-09,2
Chase Me (Paris Nights #2),2026-02-09,3
Aladdin and His Wonderful Lamp,2026-02-09,2
Soumission,2026-02-10,4
In Her Wake,2026-02-10,1
"Foolproof Preserving: A Guide to Small Batch Jams, Jellies, Pickles, Condiments, and More: A Foolproof Guide to Making Small Batch Jams, Jellies, Pickles, Condiments, and More",2026-02-10,4
The Requiem Red,2026-02-11,3
The Requiem Red,2026-02-11,4
Birdsong: A Story in Pictures,2026-02-11,4
Aladdin and His Wonderful Lamp,2026-02-11,2
You can't bury them all: Poems,2026-02-12,4
Sophie's World,2026-02-13,1
The Black Maria,2026-02-15,5
In Her Wake,2026-02-17,1
Sharp Objects,2026-02-19,1
Mesaerion: The Best Science Fiction Stories 1800-1849,2026-02-19,2
The Elephant Tree,2026-02-19,4
Penny Maybe,2026-02-19,4
Soumission,2026-02-20,5
"Starving Hearts (Triangular Trade Trilogy, #1)",2026-02-20,2
How Music Works,2026-02-22,3
Chase Me (Paris Nights #2),2026-02-23,3
Aladdin and His Wonderful Lamp,2026-02-23,2
The Bear and the Piano,2026-02-23,4
The Dirty Little Secrets of Getting Your Dream Job,2026-02-24,4
Shakespeare's Sonnets,2026-02-24,5
"Our Band Could Be Your Life: Scenes from the American Indie Underground, 1981-1991",2026-02-24,5
Behind Closed Doors,2026-02-24,1
The Dirty Little Secrets of Getting Your Dream Job,2026-02-26,3
The Boys in the Boat: Nine Americans and Their Epic Quest for Gold at the 1936 Berlin Olympics,2026-02-26,2
Scott Pilgrim's Precious Little Life (Scott Pilgrim #1),2026-02-26,1
Wall and Piece,2026-02-26,2
Penny Maybe,2026-02-26,2
You can't bury them all: Poems,2026-02-26,4
You can't bury them all: Poems,2026-02-26,3
Wall and Piece,2026-02-27,1
Sophie's World,2026-02-27,2
Scott Pilgrim's Precious Little Life (Scott Pilgrim #1),2026-02-28,5
Rip it Up and Start Again,2026-02-28,1
Tipping the Velvet,2026-03-01,5
Sapiens: A Brief History of Humankind,2026-03-01,1
Libertarianism for Beginners,2026-03-02,2
Sophie's World,2026-03-02,3
"In a Dark, Dark Wood",2026-03-02,3
"Starving Hearts (Triangular Trade Trilogy, #1)",2026-03-03,1
"Starving Hearts (Triangular Trade Trilogy, #1)",2026-03-03,5
How Music Works,2026-03-03,3
A Light in the Attic,2026-03-04,2
"Our Band Could Be Your Life: Scenes from the American Indie Underground, 1981-1991",2026-03-04,4
Penny Maybe,2026-03-04,2
"The Coming Woman: A Novel Based on the Life of the Infamous Feminist, Victoria Woodhull",2026-03-05,5
Set Me Free,2026-03-05,2
Libertarianism for Beginners,2026-03-05,1
Maude (1883-1993):She Grew Up with the country,2026-03-05,1
"In a Dark, Dark Wood",2026-03-05,3
The Black Maria,2026-03-06,5
Black Dust,2026-03-06,1
The Five Love Languages: How to Express Heartfelt Commitment to Your Mate,2026-03-07,1
The Four Agreements: A Practical Guide to Personal Freedom,2026-03-08,2
"The Coming Woman: A Novel Based on the Life of the Infamous Feminist, Victoria Woodhull",2026-03-09,2
The Black Maria,2026-03-09,5
Shakespeare's Sonnets,2026-03-09,5
The Black Maria,2026-03-10,3
Worlds Elsewhere: Journeys Around Shakespeareâs Globe,2026-03-10,2
The Dirty Little Secrets of Getting Your Dream Job,2026-03-11,5
Black Dust,2026-03-12,1
"In a Dark, Dark Wood",2026-03-12,4
Soumission,2026-03-13,1
The Requiem Red,2026-03-13,4
"Our Band Could Be Your Life: Scenes from the American Indie Underground, 1981-1991",2026-03-13,4
Libertarianism for Beginners,2026-03-13,4
Wall and Piece,2026-03-13,1
Wall and Piece,2026-03-13,3
Chase Me (Paris Nights #2),2026-03-14,5
Sophie's World,2026-03-14,5
Sapiens: A Brief History of Humankind,2026-03-16,1
It's Only the Himalayas,2026-03-17,2
"Foolproof Preserving: A Guide to Small Batch Jams, Jellies, Pickles, Condiments, and More: A Foolproof Guide to Making Small Batch Jams, Jellies, Pickles, Condiments, and More",2026-03-18,1
You can't bury them all: Poems,2026-03-18,4
The Bear and the Piano,2026-03-19,4
The Bear and the Piano,2026-03-19,3
Wall and Piece,2026-03-20,2
Set Me Free,2026-03-21,4
How Music Works,2026-03-22,3
Maude (1883-1993):She Grew Up with the country,2026-03-23,4
"Starving Hearts (Triangular Trade Trilogy, #1)",2026-03-24,4
The Elephant Tree,2026-03-25,4
Behind Closed Doors,2026-03-26,5
Worlds Elsewhere: Journeys Around Shakespeareâs Globe,2026-03-27,4
Sophie's World,2026-03-27,1
"In a Dark, Dark Wood",2026-03-27,3
Soumission,2026-03-28,1
You can't bury them all: Poems,2026-03-28,4
Soumission,2026-03-29,3
Soumission,2026-03-30,5
The Four Agreements: A Practical Guide to Personal Freedom,2026-03-30,3
The Requiem Red,2026-04-01,2
Olio,2026-04-01,4
Aladdin and His Wonderful Lamp,2026-04-01,5
Sharp Objects,2026-04-03,5
"Starving Hearts (Triangular Trade Trilogy, #1)",2026-04-03,3
The Five Love Languages: How to Express Heartfelt Commitment to Your Mate,2026-04-04,4
"Foolproof Preserving: A Guide to Small Batch Jams, Jellies, Pickles, Condiments, and More: A Foolproof Guide to Making Small Batch Jams, Jellies, Pickles, Condiments, and More",2026-04-05,3
America's Cradle of Quarterbacks: Western Pennsylvania's Football Factory from Johnny Unitas to Joe Montana,2026-04-05,5
"Starving Hearts (Triangular Trade Trilogy, #1)",2026-04-06,2
Sharp Objects,2026-04-07,1
It's Only the Himalayas,2026-04-08,1
Worlds Elsewhere: Journeys Around Shakespeareâs Globe,2026-04-08,1
The Boys in the Boat: Nine Americans and Their Epic Quest for Gold at the 1936 Berlin Olympics,2026-04-09,4
Behind Closed Doors,2026-04-09,2
It's Only the Himalayas,2026-04-10,3
The Dirty Little Secrets of Getting Your Dream Job,2026-04-12,4
How Music Works,2026-04-12,2
The Dirty Little Secrets of Getting Your Dream Job,2026-04-13,3
Wall and Piece,2026-04-13,3
Wall and Piece,2026-04-13,5
Mesaerion: The Best Science Fiction Stories 1800-1849,2026-04-14,3
In Her Wake,2026-04-14,1
"Our Band Could Be Your Life: Scenes from the American Indie Underground, 1981-1991",2026-04-15,2
Libertarianism for Beginners,2026-04-15,4
Aladdin and His Wonderful Lamp,2026-04-15,5
Olio,2026-04-16,4
Aladdin and His Wonderful Lamp,2026-04-16,1
Behind Closed Doors,2026-04-17,4
Soumission,2026-04-18,2
How Music Works,2026-04-18,5
Behind Closed Doors,2026-04-18,4
You can't bury them all: Poems,2026-04-18,5
Libertarianism for Beginners,2026-04-19,2
It's Only the Himalayas,2026-04-19,5
Maude (1883-1993):She Grew Up with the country,2026-04-20,5
America's Cradle of Quarterbacks: Western Pennsylvania's Football Factory from Johnny Unitas to Joe Montana,2026-04-21,2
The Black Maria,2026-04-22,2
The Four Agreements: A Practical Guide to Personal Freedom,2026-04-22,5
The Five Love Languages: How to Express Heartfelt Commitment to Your Mate,2026-04-22,1
You can't bury them all: Poems,2026-04-22,4
Set Me Free,2026-04-23,5
Libertarianism for Beginners,2026-04-24,5
Sophie's World,2026-04-24,2
Soumission,2026-04-25,5
Libertarianism for Beginners,2026-04-25,2
Maude (1883-1993):She Grew Up with the country,2026-04-25,2
Set Me Free,2026-04-26,1
The Black Maria,2026-04-27,1
It's Only the Himalayas,2026-04-27,3
Penny Maybe,2026-04-27,4
Maude (1883-1993):She Grew Up with the country,2026-04-27,2
How Music Works,2026-04-28,3
How Music Works,2026-04-28,5
Wall and Piece,2026-04-28,3
Maude (1883-1993):She Grew Up with the country,2026-04-29,5
The Black Maria,2026-04-30,5
Sophie's World,2026-04-30,4
Behind Closed Doors,2026-04-30,4
Maude (1883-1993):She Grew Up with the country,2026-05-02,4
Libertarianism for Beginners,2026-05-04,2
"Starving Hearts (Triangular Trade Trilogy, #1)",2026-05-05,1
Penny Maybe,2026-05-07,4
In Her Wake,2026-05-09,5
"Foolproof Preserving: A Guide to Small Batch Jams, Jellies, Pickles, Condiments, and More: A Foolproof Guide to Making Small Batch Jams, Jellies, Pickles, Condiments, and More",2026-05-10,3
Black Dust,2026-05-10,4
The Elephant Tree,2026-05-10,3
The Boys in the Boat: Nine Americans and Their Epic Quest for Gold at the 1936 Berlin Olympics,2026-05-11,4
In Her Wake,2026-05-11,1
The Four Agreements: A Practical Guide to Personal Freedom,2026-05-11,1
Sophie's World,2026-05-11,4
The Five Love Languages: How to Express Heartfelt Commitment to Your Mate,2026-05-14,5
"In a Dark, Dark Wood",2026-05-14,4
The Requiem Red,2026-05-17,2
"Starving Hearts (Triangular Trade Trilogy, #1)",2026-05-17,2
Sharp Objects,2026-05-18,1
"The Coming Woman: A Novel Based on the Life of the Infamous Feminist, Victoria Woodhull",2026-05-18,3
"Foolproof Preserving: A Guide to Small Batch Jams, Jellies, Pickles, Condiments, and More: A Foolproof Guide to Making Small Batch Jams, Jellies, Pickles, Condiments, and More",2026-05-18,2
"Starving Hearts (Triangular Trade Trilogy, #1)",2026-05-19,5
"Foolproof Preserving: A Guide to Small Batch Jams, Jellies, Pickles, Condiments, and More: A Foolproof Guide to Making Small Batch Jams, Jellies, Pickles, Condiments, and More",2026-05-20,3
America's Cradle of Quarterbacks: Western Pennsylvania's Football Factory from Johnny Unitas to Joe Montana,2026-05-20,1
You can't bury them all: Poems,2026-05-20,5
Shakespeare's Sonnets,2026-05-21,2
The Bear and the Piano,2026-05-21,1
Sharp Objects,2026-05-22,3
Birdsong: A Story in Pictures,2026-05-22,4
America's Cradle of Quarterbacks: Western Pennsylvania's Football Factory from Johnny Unitas to Joe Montana,2026-05-22,2
The Elephant Tree,2026-05-22,2
Birdsong: A Story in Pictures,2026-05-24,1
Maude (1883-1993):She Grew Up with the country,2026-05-24,5
How Music Works,2026-05-25,5
The Dirty Little Secrets of Getting Your Dream Job,2026-05-26,3
In Her Wake,2026-05-26,2
"Our Band Could Be Your Life: Scenes from the American Indie Underground, 1981-1991",2026-05-28,4
The Five Love Languages: How to Express Heartfelt Commitment to Your Mate,2026-05-28,2
Behind Closed Doors,2026-05-28,4
The Four Agreements: A Practical Guide to Personal Freedom,2026-05-29,3
"The Coming Woman: A Novel Based on the Life of the Infamous Feminist, Victoria Woodhull",2026-05-30,4
"The Coming Woman: A Novel Based on the Life of the Infamous Feminist, Victoria Woodhull",2026-05-30,4
In Her Wake,2026-05-30,4
Behind Closed Doors,2026-05-30,1
Scott Pilgrim's Precious Little Life (Scott Pilgrim #1),2026-05-31,5
Tipping the Velvet,2026-06-01,4
The Boys in the Boat: Nine Americans and Their Epic Quest for Gold at the 1936 Berlin Olympics,2026-06-02,1
In Her Wake,2026-06-02,1
How Music Works,2026-06-02,1
The Four Agreements: A Practical Guide to Personal Freedom,2026-06-02,4
The Requiem Red,2026-06-05,2
Shakespeare's Sonnets,2026-06-05,4
Sophie's World,2026-06-05,3
"Foolproof Preserving: A Guide to Small Batch Jams, Jellies, Pickles, Condiments, and More: A Foolproof Guide to Making Small Batch Jams, Jellies, Pickles, Condiments, and More",2026-06-06,5
Penny Maybe,2026-06-06,1
Maude (1883-1993):She Grew Up with the country,2026-06-06,5
The Bear and the Piano,2026-06-07,5
How Music Works,2026-06-08,1
The Five Love Languages: How to Express Heartfelt Commitment to Your Mate,2026-06-09,3
Sharp Objects,2026-06-10,5
The Boys in the Boat: Nine Americans and Their Epic Quest for Gold at the 1936 Berlin Olympics,2026-06-10,2
"In a Dark, Dark Wood",2026-06-10,2
Rip it Up and Start Again,2026-06-11,1
Penny Maybe,2026-06-11,5
The Requiem Red,2026-06-12,3
The Black Maria,2026-06-13,5
Birdsong: A Story in Pictures,2026-06-13,3
Wall and Piece,2026-06-14,5
Libertarianism for Beginners,2026-06-16,5
Penny Maybe,2026-06-17,1
Shakespeare's Sonnets,2026-06-18,4
Wall and Piece,2026-06-18,2
Sapiens: A Brief History of Humankind,2026-06-19,2
It's Only the Himalayas,2026-06-19,4
The Five Love Languages: How to Express Heartfelt Commitment to Your Mate,2026-06-19,1
Sophie's World,2026-06-19,5
Aladdin and His Wonderful Lamp,2026-06-20,1
The Elephant Tree,2026-06-20,4
The Elephant Tree,2026-06-20,4
The Requiem Red,2026-06-21,3
Set Me Free,2026-06-21,3
How Music Works,2026-06-21,3
Worlds Elsewhere: Journeys Around Shakespeareâs Globe,2026-06-21,2
In Her Wake,2026-06-22,2
A Light in the Attic,2026-06-23,5
The Boys in the Boat: Nine Americans and Their Epic Quest for Gold at the 1936 Berlin Olympics,2026-06-24,4
The Black Maria,2026-06-24,5
Black Dust,2026-06-25,3
The Five Love Languages: How to Express Heartfelt Commitment to Your Mate,2026-06-25,2
The Elephant Tree,2026-06-28,3
Penny Maybe,2026-06-28,5
The Requiem Red,2026-06-29,1
Worlds Elsewhere: Journeys Around Shakespeareâs Globe,2026-06-29,1
